Группа,Ключевая фраза
Группа 1 — Оплата поставщику Китай,оплата поставщику китай криптой
Группа 1 — Оплата поставщику Китай,+как оплатить поставщика в китае санкции
Группа 1 — Оплата поставщику Китай,оплатить +инвойс +китай 2026
Группа 1 — Оплата поставщику Китай,оплата контрагенту китай юань санкции
Группа 1 — Оплата поставщику Китай,"""перевод +в китай юрлицу"" обход санкций"
Группа 1 — Оплата поставщику Китай,оплатить китайскому поставщику usdt
Группа 1 — Оплата поставщику Китай,крипта для оплаты китайских поставщиков
Группа 1 — Оплата поставщику Китай,b2b оплата китай
Группа 1 — Оплата поставщику Китай,платеж в китай для юрлица 2026
Группа 1 — Оплата поставщику Китай,оплата товара китай без swift
Группа 2 — USDC для бизнеса/юрлица,купить usdc юридическому лицу
Группа 2 — USDC для бизнеса/юрлица,usdc для бизнеса
Группа 2 — USDC для бизнеса/юрлица,+чистый usdc санкции
Группа 2 — USDC для бизнеса/юрлица,usdc для оплаты иностранным контрагентам
Группа 2 — USDC для бизнеса/юрлица,покупка криптовалюты для юрлица
Группа 2 — USDC для бизнеса/юрлица,usdc от лицензированного брокера
Группа 2 — USDC для бизнеса/юрлица,+легальная покупка криптовалюты для бизнеса
Группа 2 — USDC для бизнеса/юрлица,агентский договор крипта закупка
Группа 2 — USDC для бизнеса/юрлица,купить криптовалюту на компанию
Группа 2 — USDC для бизнеса/юрлица,usdc оптом для бизнеса
Группа 3 — Альтернатива SWIFT/закрытые банки,альтернатива swift для бизнеса
Группа 3 — Альтернатива SWIFT/закрытые банки,+как платить за рубеж +без swift
Группа 3 — Альтернатива SWIFT/закрытые банки,b2b платежи в обход санкций
Группа 3 — Альтернатива SWIFT/закрытые банки,"""платежный агент нерезидент"" расчеты"
Группа 3 — Альтернатива SWIFT/закрытые банки,оплата иностранному поставщику без swift
Группа 3 — Альтернатива SWIFT/закрытые банки,b2b трансграничные платежи легально
Группа 3 — Альтернатива SWIFT/закрытые банки,+как +платить +зарубежному поставщику 2026
Группа 3 — Альтернатива SWIFT/закрытые банки,валютный контроль крипта вэд
Группа 3 — Альтернатива SWIFT/закрытые банки,оплата контрагенту в оаэ из россии
Группа 3 — Альтернатива SWIFT/закрытые банки,платежи за рубеж из россии 2026
