Группа,Тип,Заголовок 1 (макс 56),Заголовок 2 (макс 30),Текст (макс 81),Отображаемая ссылка,Ссылка с UTM
Группа 1 — Оплата поставщику Китай,Объявление 1,Оплата поставщику в Китае — USDC без блокировок,От 1 дня. Чистый USDC.,Рублями нерезиденту → чистый USDC партнёру. НДС 0₽. От $10k. Закрывающие документы.,ccapital.pro/usdc-china,https://ccapital.pro/pay.html?utm_source=yandex&utm_medium=cpc&utm_campaign=usdc_ved_hot_rf&utm_content=g1_a1&utm_term={keyword}#usdc-form
Группа 1 — Оплата поставщику Китай,Объявление 2,Платёж в Китай за оборудование — без SWIFT,USDC от лиц. брокера,Инвойс из Китая? Платите рублями в РФ → USDC у поставщика. Договор. Документы.,ccapital.pro/usdc-china,https://ccapital.pro/pay.html?utm_source=yandex&utm_medium=cpc&utm_campaign=usdc_ved_hot_rf&utm_content=g1_a2&utm_term={keyword}#usdc-form
Группа 1 — Оплата поставщику Китай,Объявление 3,Оплата товаров из Китая 2026 для юрлиц,1–3 дня. От $10k.,Расчёт с поставщиком в юанях/USDC без вторичных санкций. Полный пакет документов.,ccapital.pro/usdc-china,https://ccapital.pro/pay.html?utm_source=yandex&utm_medium=cpc&utm_campaign=usdc_ved_hot_rf&utm_content=g1_a3&utm_term={keyword}#usdc-form
Группа 2 — USDC для бизнеса/юрлица,Объявление 1,Чистый USDC для бизнеса — оплата за рубеж,Лиц. брокер. Без SWIFT.,Покупка US-USDC через регулируемый контур. Договор с агентом-нерезидентом. От $10k.,ccapital.pro/usdc-b2b,https://ccapital.pro/pay.html?utm_source=yandex&utm_medium=cpc&utm_campaign=usdc_ved_hot_rf&utm_content=g2_a1&utm_term={keyword}#usdc-form
Группа 2 — USDC для бизнеса/юрлица,Объявление 2,Купить USDC на компанию — легально и без следа,НДС 0₽. Документы.,Рублями на счёт агента в РФ → чистый USDC партнёру. Калькулятор стоимости онлайн.,ccapital.pro/usdc-b2b,https://ccapital.pro/pay.html?utm_source=yandex&utm_medium=cpc&utm_campaign=usdc_ved_hot_rf&utm_content=g2_a2&utm_term={keyword}#usdc-calc
Группа 2 — USDC для бизнеса/юрлица,Объявление 3,USDC для оплаты иностранным поставщикам,От $10k. От 1 дня.,Чистый американский USDC от лицензированных брокеров. Без вторичных санкций.,ccapital.pro/usdc-b2b,https://ccapital.pro/pay.html?utm_source=yandex&utm_medium=cpc&utm_campaign=usdc_ved_hot_rf&utm_content=g2_a3&utm_term={keyword}#usdc-form
Группа 3 — Альтернатива SWIFT/закрытые банки,Объявление 1,Платежи за рубеж без SWIFT — для юрлиц,Чистый USDC. 1–3 дня.,Оплата иностранному поставщику в рублях. Чистый USDC у получателя. НДС 0₽.,ccapital.pro/no-swift,https://ccapital.pro/pay.html?utm_source=yandex&utm_medium=cpc&utm_campaign=usdc_ved_hot_rf&utm_content=g3_a1&utm_term={keyword}#usdc-form
Группа 3 — Альтернатива SWIFT/закрытые банки,Объявление 2,B2B-расчёты с зарубежом — альтернатива SWIFT,От $10k. Документы.,Платёжный агент-нерезидент. Валютный контроль штатно. Полный пакет закрывающих.,ccapital.pro/no-swift,https://ccapital.pro/pay.html?utm_source=yandex&utm_medium=cpc&utm_campaign=usdc_ved_hot_rf&utm_content=g3_a2&utm_term={keyword}#usdc-legal
Группа 3 — Альтернатива SWIFT/закрытые банки,Объявление 3,Оплата контрагентам в Китае/ОАЭ/ЕС — легально,USDC + договор + НДС 0₽,Расчёты в обход блокировок банков. Чистый USDC. Калькулятор стоимости онлайн.,ccapital.pro/no-swift,https://ccapital.pro/pay.html?utm_source=yandex&utm_medium=cpc&utm_campaign=usdc_ved_hot_rf&utm_content=g3_a3&utm_term={keyword}#usdc-calc
